{
    "a.f.c. wimbledon": "Dons",
    "accrington stanley": "Stanley",
    "aldershot town": "Shots",
    "altrincham": "Robins",
    "arizona diamondbacks": "Snakes",
    "arsenal": "Gunners",
    "aston villa": "Villans",
    "atlanta braves": "Bravos",
    "atlanta falcons": "Dirty Birds",
    "atlanta hawks": "Hawks",
    "baltimore orioles": "O's",
    "baltimore ravens": "Old Browns",
    "barnet": "Bees",
    "barnsley": "Tykes",
    "birmingham city": "Brummagem",
    "blackburn rovers": "Rovers",
    "blackpool": "Seasiders",
    "bolton wanderers": "Trotters",
    "boston bruins": "B's",
    "boston celtics": "Celtics",
    "boston red sox": "Sox",
    "boston united": "Pilgrims",
    "bournemouth": "Cherries",
    "bradford city": "Bantams",
    "brentford": "Bees",
    "brighton &amp; hove albion": "Seagulls",
    "bristol city": "Robins",
    "bristol rovers": "Pirates",
    "british columbia lions": "Leos",
    "brooklyn nets": "Nets",
    "buffalo bills": "B.I.L.L.S.",
    "buffalo sabres": "Swords",
    "burnley": "Clarets",
    "burton albion": "Brewers",
    "bury": "Shakers",
    "calgary stampeders": "Stumps",
    "cambridge united": "Yellows",
    "cardiff city": "Bluebirds",
    "carlisle united": "Cumbrians",
    "carolina hurricanes": "Canes",
    "charlton athletic": "Addicks",
    "charlotte bobcats": "Bobcats",
    "charlotte hornets": "Hornets",
    "chelsea": "Pensioners",
    "cheltenham town": "Robins",
    "chester city": "Blues",
    "chesterfield": "Spireites",
    "chicago bears": "Monsters of the Midway",
    "chicago blackhawks": "Hawks",
    "chicago bulls": "Bulls",
    "chicago cubs": "Scrubs",
    "chicago white sox": "White Sux",
    "cincinnati bengals": "Bungles",
    "cincinnati reds": "Redlegs",
    "cleveland browns": "Dawgs",
    "cleveland cavaliers": "Cavs",
    "cleveland indians": "Wahoos",
    "colchester united": "U's",
    "colorado avalanche": "Avs",
    "colorado rockies": "Rox",
    "columbus blue jackets": "Navy Blazers",
    "coventry city": "Sky Blues",
    "crawley town": "Red Devils",
    "crewe alexandra": "Railwaymen",
    "crystal palace": "Eagles",
    "dagenham &amp; redbridge": "Daggers",
    "dallas cowboys": "Doomsday",
    "dallas mavericks": "Mavs",
    "darlington": "Quakers",
    "denver broncos": "Orange Crush",
    "denver nuggets": "Nuggets",
    "derby county": "Rams",
    "detroit lions": "Lions",
    "detroit pistons": "Pistons",
    "detroit red wings": "Wings",
    "detroit tigers": "Tigs",
    "doncaster rovers": "Vikings",
    "ebbsfleet united": "Fleet",
    "edmonton eskimos": "Shmoes",
    "everton": "Toffees",
    "exeter city": "Grecians",
    "f.c. united of manchester": "Rebels",
    "florida marlins": "Fish",
    "florida panthers": "Cats",
    "fulham": "Cottagers",
    "gillingham": "Gills",
    "gloucester city": "Tigers",
    "golden state warriors": "Warriors",
    "green bay packers": "Pack",
    "grimsby town": "Mariners",
    "halifax town": "Shaymen",
    "hamilton tiger-cats": "Ti-cats",
    "hartlepool united": "Pool",
    "hartlepool united f.c.": "Monkey hangers",
    "hereford united": "Bulls",
    "houston astros": "'Stros",
    "houston rockets": "Rockets",
    "huddersfield town": "Terriers",
    "hull city": "Tigers",
    "indianapolis colts": "Dolts",
    "indiana pacers": "Pacers",
    "ipswich town": "Blues",
    "ipswich town f.c.": "Tractor Boys",
    "jacksonville jaguars": "Jags",
    "kansas city chiefs": "Chefs",
    "kansas city royals": "R's",
    "kidderminster harriers": "Harriers",
    "lancaster city": "Dolly Blues",
    "leeds united": "Mighty Whites",
    "leicester city": "Foxes",
    "leyton orient": "O's",
    "lincoln city": "Red Imps",
    "liverpool": "Reds",
    "los angeles angels of anaheim": "Wings",
    "los angeles clippers": "Clippers",
    "los angeles dodgers": "Los Doyers",
    "los angeles lakers": "Lakers",
    "luton town": "Hatters",
    "macclesfield town": "Silkmen",
    "manchester city": "Sky Blues",
    "manchester united f.c.": "Red Devils",
    "mansfield town": "Stags",
    "memphis grizzlies": "Grizzlies",
    "miami dolphins": "Fish",
    "miami heat": "Heat",
    "middlesbrough": "Boro",
    "mighty ducks of anaheim": "Ducks",
    "mighty ducks": "Ducks",
    "anaheim ducks": "Ducks",
    "millwall": "Lions",
    "milton keynes dons": "Dons",
    "milwaukee brewers": "True Blue Brew Crew",
    "milwaukee bucks": "Bucks",
    "minnesota timberwolves": "T'Wolves",
    "minnesota twins": "Twinkies",
    "minnesota vikings": "Vikes",
    "montreal alouettes": "Als",
    "montreal canadiens": "Les Rouges",
    "morecambe": "Shrimps",
    "nashville predators": "Preds",
    "new england patriots": "Patsies",
    "new jersey devils": "Devs",
    "new orleans pelicans": "Pelicans",
    "new orleans saints": "Sinners",
    "new york giants": "New York Football Giants",
    "new york islanders": "Isles",
    "new york jets": "Jest",
    "new york knicks": "Knicks",
    "new york knickerbockers": "Knicks",
    "new york mets": "Pondscums",
    "new york rangers": "Rags",
    "new york yankees": "Yanks",
    "newcastle united": "Toon",
    "northampton town": "Cobblers",
    "northwich victoria": "Vics",
    "norwich city": "Canaries",
    "nottingham forest": "Reds",
    "nottingham forest f.c.": "Tricky Trees",
    "notts county": "Magpies",
    "oakland athletics": "White Elephants",
    "oakland raiders": "Silver and Black",
    "oklahoma city thunder": "Thunder",
    "oldham athletic": "Latics",
    "orlando magic": "Magic",
    "ottawa renegades": "'Gades",
    "ottawa senators": "Sens",
    "oxford united": "U's",
    "peterborough united": "Posh",
    "philadelphia 76ers": "Sixers",
    "philadelphia eagles": "Sheagles",
    "philadelphia flyers": "Broad Street Bullies",
    "philadelphia phillies": "Whiz Kids",
    "phoenix coyotes": "Yotes",
    "phoenix suns": "Suns",
    "pittsburgh penguins": "Pens",
    "pittsburgh pirates": "Bucs",
    "pittsburgh steelers": "Steel Curtain",
    "plymouth argyle": "Pilgrims",
    "port vale": "Valiants",
    "portland trail blazers": "Blazers",
    "portsmouth": "Pompey",
    "preston north end": "Lilywhites",
    "queens park rangers": "Super Hoops",
    "reading": "Royals",
    "rochdale": "Dale",
    "rotherham united": "Millers",
    "rushden &amp; diamonds": "Diamonds",
    "sacramento kings": "Kings",
    "saint louis rams": "Rammers",
    "san antonio spurs": "Spurs",
    "san diego chargers": "Bolts",
    "san diego padres": "Pads",
    "san francisco 49ers": "Niners",
    "san francisco giants": "Orange Nation",
    "san jose sharks": "Los Tiburones",
    "saskatchewan roughriders": "Riders",
    "scunthorpe united": "Iron",
    "seattle mariners": "M's",
    "seattle supersonics": "Supes",
    "sheffield f.c.": "Club",
    "sheffield united": "Blades",
    "sheffield wednesday": "Owls",
    "shrewsbury town": "Shrews",
    "southampton": "Saints",
    "southend": "Shrimpers",
    "southport": "Sandgrounders",
    "st albans city": "Saints",
    "st. louis blues": "Bluenotes",
    "st. louis cardinals": "Runnin' Redbirds",
    "stockport county": "Hatters",
    "stoke city": "Potters",
    "sunderland": "Black Cats",
    "swansea city": "Swans",
    "swindon town": "Robins",
    "tampa bay buccaneers": "Bucs",
    "tampa bay lightning": "Bolts",
    "tampa bay rays": "Rays",
    "tamworth": "Lambs",
    "tennessee titans": "Oilers",
    "texas rangers": "Lone Stars",
    "toronto argonauts": "Double Blue",
    "toronto blue jays": "Jays",
    "toronto maple leafs": "Tomales",
    "toronto raptors": "Raptors",
    "torquay united": "Gulls",
    "tottenham hotspur": "Spurs",
    "tranmere rovers": "Rovers",
    "utah jazz": "Jazz",
    "vancouver canucks": "Nucks",
    "walsall": "Saddlers",
    "washington capitals": "Caps",
    "washington nationals": "Nats",
    "washington redskins": "'Skins",
    "washington wizards": "Wizards",
    "watford": "Hornets",
    "west bromwich albion": "Baggies",
    "west ham united": "Irons",
    "weymouth": "Terras",
    "wigan athletic": "Latics",
    "winnipeg blue bombers": "Bummers",
    "woking": "Cardinals",
    "wolverhampton wanderers": "Wolves",
    "wrexham": "Robins",
    "wycombe wanderers": "Chairboys",
    "yeovil town": "Glovers",
    "york city": "Minstermen"
}