<?xml version="1.0" encoding="UTF-8" standalone="yes"?>
<addon id="repository.xbmc-ball-streams" name="XBMC Ball Streams Repo" version="0.0.1" provider-name="Swedemon">
    <extension point="xbmc.addon.repository" name="XBMC Ball Streams Repo">
        <info compressed="false">https://raw.githubusercontent.com/Swedemon/xbmc-ball-streams/master/repo/addons.xml</info>
        <checksum>https://raw.githubusercontent.com/Swedemon/xbmc-ball-streams/master/repo/addons.xml.md5</checksum>
        <datadir zip="true">https://raw.githubusercontent.com/Swedemon/xbmc-ball-streams/master/repo</datadir>
    </extension>
    <extension point="xbmc.addon.metadata">
        <summary>Install Ball Streams XBMC Addons</summary>
        <description>Download and install Ball Streams addons by Swedemon</description>
        <platform>all</platform>
    </extension>
</addon>
